,attribution,count
unnecessary,0.10463156192418772,1
slap,0.0921381163265025,1
claim,0.04900630805327511,1
everything,0.04466691232586541,1
do,-0.04244765215375231,1
among,-0.2714363721139301,1
transgender,0.26685176314793124,1
the,0.1931930102973001,1
ideology,0.18649530098207986,1
deeply,0.14986491643458194,1
be,0.12164033868593964,1
and,0.10308115944272794,1
communism,0.10258626879409027,1
that,0.08839879852680677,1
swift,-0.06501416667824284,1
